INSERT INTO `usuario` VALUES(1001092582,'Natural','David','Duarte','1001092582','3014038181','sebastianduarte-25@outlook.com','imagen/Natural/1001092582/1762835266597_398492.png','Inactivo');
INSERT INTO `usuario` VALUES(1019138679,'Comerciante','Carlos Alberto Duarte','Rojas','1019138679','3204586589','carlos@gmail.com','imagen/Comerciante/1019138679/1762909829670_990922.jpg','Activo');
INSERT INTO `usuario` VALUES(52343847,'PrestadorServicio','Liliana rojas','pineda','52343847','3176942129','lili@gmail.com','imagen/PrestadorServicios/52343847/1762910023230_175012.jpg','Activo');
INSERT INTO `usuario` VALUES(999999999,'Administrador','Admin','RPM','1000000000','3014038181','admin@rpm.com','default.png','Activo');
INSERT INTO `credenciales` VALUES(1,1001092582,'1001092582','$2b$10$J7FGShRW5/0wSuJtWvNnquZHYogSUafltoOhbyNYgRrOfvQ8CrioC');
INSERT INTO `credenciales` VALUES(3,52343847,'52343847','$2b$10$4CjtLPBQj8QIQ23/s0vD.uV.lIY.95Pt2OUyTfc5fVIytHYJKOdI.');
INSERT INTO `credenciales` VALUES(5,999999999,'admin@rpm.com','$2b$10$pEvggtN4mtrhirpR8mMkFeXTBXMeuTT7A7ewXFyi6DDA2kxK2jfcm');
INSERT INTO `categoria` VALUES(1,'Accesorios');
INSERT INTO `categoria` VALUES(2,'Repuestos');
INSERT INTO `categoria` VALUES(3,'Servicio mecanico');
INSERT INTO `categoria` VALUES(4,'Servicio de grua');
INSERT INTO `perfilnatural` VALUES(1001092582,'Cra 152 # 139-35','Santa rita');
INSERT INTO `comerciante` VALUES(234567890,1019138679,'RPM MOTOS','Carrera 152#139- 30',4.74740010000000012,-74.1244525000000038,'Santa rita','@RPMMOTOS','Lunes - Viernes','11:53','23:53');
INSERT INTO `prestadorservicio` VALUES(1,52343847,'calle 139 # 145 - 35','Santa rita','@RPMMOTOS','imagen/PrestadorServicios/52343847/1762839754958_351529.pdf','Lunes - Viernes','00:42','12:42');
INSERT INTO `publicacion` VALUES(2,234567890,'CHAQUETA REFLECTIVA','CHAQUETAS REFLECTIVAS Y APRUEBA DE BALAS',1,89000.0,50,'["imagen/Comerciante/1019138679/publicaciones/2/1762836930717-411100184.png","imagen/Comerciante/1019138679/publicaciones/2/1762836930730-941995651.png","imagen/Comerciante/1019138679/publicaciones/2/1762836930730-905721843.jpg"]','CURRENT_TEXTSTAMP');
INSERT INTO `publicacion` VALUES(3,234567890,'CASCO REDBULL','CASCO PARA QUE CAMBIE ESE CACHARRO',1,156000.0,10,'["imagen/Comerciante/1019138679/publicaciones/3/1762836962072-46391501.png","imagen/Comerciante/1019138679/publicaciones/3/1762836962084-327433795.png"]','CURRENT_TEXTSTAMP');
INSERT INTO `publicacion` VALUES(4,234567890,'REVISION TECNO MECANICA','REVISION PARA TODO TIPO DE MOTO',3,219000.0,1,'["imagen/Comerciante/1019138679/publicaciones/4/1762836990964-201135565.png","imagen/Comerciante/1019138679/publicaciones/4/1762836990970-209746333.jpg","imagen/Comerciante/1019138679/publicaciones/4/1762836990974-146543281.gif"]','CURRENT_TEXTSTAMP');
INSERT INTO `publicacion` VALUES(5,234567890,'MANTENIMIENTO GENERAL DE MOTOS','MATENIMIENTO DE MOTOS, SE LA DEJAMOS COMO NUEVA',3,200000.0,1,'["imagen/Comerciante/1019138679/publicaciones/5/1762837028133-111515409.jpg"]','CURRENT_TEXTSTAMP');
INSERT INTO `producto` VALUES(2,2,'CHAQUETA REFLECTIVA','CHAQUETAS REFLECTIVAS Y APRUEBA DE BALAS',1,89000.0,50,NULL,'CURRENT_TEXTSTAMP');
INSERT INTO `producto` VALUES(3,3,'CASCO ICH','CASCO PARA QUE CAMBIE ESE CACHARRO',1,156000.0,10,NULL,'CURRENT_TEXTSTAMP');
INSERT INTO `producto` VALUES(4,4,'REVISION TECNO MECANICA','REVISION PARA TODO TIPO DE MOTO',3,219000.0,1,NULL,'CURRENT_TEXTSTAMP');
INSERT INTO `producto` VALUES(5,5,'MANTENIMIENTO GENERAL DE MOTOS','MATENIMIENTO DE MOTOS, SE LA DEJAMOS COMO NUEVA',3,200000.0,1,NULL,'CURRENT_TEXTSTAMP');
INSERT INTO `publicaciongrua` VALUES(1,1,'LA MEJOR GRUA Y RAPIDA',50000.0,'BOGOTA','["imagen/PrestadorServicios/52343847/publicaciones/1/1762839834263-326815299.png","imagen/PrestadorServicios/52343847/publicaciones/1/1762839834279-596886822.png","imagen/PrestadorServicios/52343847/publicaciones/1/1762839834279-869136582.jpg"]','GRUA 24/07');
INSERT INTO `publicaciongrua` VALUES(3,1,'LAS MEJORES',82000.0,'KENNEDY','["imagen/PrestadorServicios/52343847/publicaciones/3/1762840166647-663581090.png","imagen/PrestadorServicios/52343847/publicaciones/3/1762840166677-831104807.png","imagen/PrestadorServicios/52343847/publicaciones/3/1762840166679-641638261.jpg"]','GRUAS A TODO');
INSERT INTO `publicaciongrua` VALUES(4,1,'GRUAS 24/7',25000.0,'BOGOTA','["imagen/PrestadorServicios/52343847/publicaciones/4/1762968718900-916373545.png"]','GRUAS A DOS MIL');
INSERT INTO `publicaciongrua` VALUES(5,1,'HOLA',100000.0,'SUBA','["imagen/PrestadorServicios/52343847/publicaciones/5/1762969163258-650762881.png"]','GRUAAAAA');
INSERT INTO `controlagendaservicios` VALUES(1,1001092582,3,'2025-11-20','13:12','Cra 152 # 139-35','portal 80','llevar a mi moto al taller','Terminado');
INSERT INTO `controlagendaservicios` VALUES(2,1001092582,1,'2025-11-14','13:13','Cra 152 # 139-35','plaza imperial','llevar a mi mosa al cine','Cancelado');
INSERT INTO `controlagendaservicios` VALUES(3,1001092582,1,'2025-11-20','13:33','Centro medico acuarela suba ','portal 80','llega ','Terminado');
INSERT INTO `controlagendaservicios` VALUES(4,1001092582,3,'2025-11-15','14:00','Calle 80 # 50-20','Av. Caracas','Servicio urgente','Terminado');
INSERT INTO `factura` VALUES(1,1001092582,'2025-11-11 05:29:29',527000.0,'contraentrega','Proceso pendiente');
INSERT INTO `factura` VALUES(2,1001092582,'2025-11-11 05:30:07',200000.0,'recoger','Proceso pendiente');
INSERT INTO `factura` VALUES(3,1001092582,'2025-11-11 05:31:00',156000.0,'contraentrega','Proceso pendiente');
INSERT INTO `factura` VALUES(4,1001092582,'2025-11-11 05:34:50',200000.0,'contraentrega','Proceso pendiente');
INSERT INTO `factura` VALUES(5,1001092582,'2025-11-11 05:38:28',156000.0,'contraentrega','Pago exitoso');
INSERT INTO `factura` VALUES(6,1001092582,'2025-11-11 23:47:37',89000.0,'recoger','Proceso pendiente');
INSERT INTO `factura` VALUES(7,1001092582,'2025-11-12 00:01:06',156000.0,'recoger','Proceso pendiente');
INSERT INTO `factura` VALUES(8,1001092582,'2025-11-12 00:01:26',200000.0,'contraentrega','Proceso pendiente');
INSERT INTO `factura` VALUES(9,1019138679,'2025-11-12 00:32:54',89000.0,'contraentrega','Proceso pendiente');
INSERT INTO `factura` VALUES(10,1019138679,'2025-11-12 00:33:24',156000.0,'recoger','Proceso pendiente');
INSERT INTO `factura` VALUES(11,1001092582,'2025-11-12 00:45:55',156000.0,'recoger','Proceso pendiente');
INSERT INTO `factura` VALUES(12,1001092582,'2025-11-12 00:46:12',219000.0,'contraentrega','Proceso pendiente');
INSERT INTO `detallefactura` VALUES(1,1,4,2,219000.0,438000.0,'Cancelado',0);
INSERT INTO `detallefactura` VALUES(2,1,2,1,89000.0,89000.0,'Cancelado',0);
INSERT INTO `detallefactura` VALUES(3,2,5,1,200000.0,200000.0,'Cancelado',0);
INSERT INTO `detallefactura` VALUES(4,3,3,1,156000.0,156000.0,'Finalizado',0);
INSERT INTO `detallefactura` VALUES(5,4,5,1,200000.0,200000.0,'Finalizado',0);
INSERT INTO `detallefactura` VALUES(6,5,3,1,156000.0,156000.0,'Finalizado',0);
INSERT INTO `detallefactura` VALUES(7,6,2,1,89000.0,89000.0,'Cancelado',0);
INSERT INTO `detallefactura` VALUES(8,7,3,1,156000.0,156000.0,'Cancelado',0);
INSERT INTO `detallefactura` VALUES(9,8,5,1,200000.0,200000.0,'Cancelado',0);
INSERT INTO `detallefactura` VALUES(10,9,2,1,89000.0,89000.0,'Pendiente',1);
INSERT INTO `detallefactura` VALUES(11,10,3,1,156000.0,156000.0,'Pendiente',1);
INSERT INTO `detallefactura` VALUES(12,11,3,1,156000.0,156000.0,'Pendiente',1);
INSERT INTO `detallefactura` VALUES(13,12,4,1,219000.0,219000.0,'Pendiente',1);
INSERT INTO `detallefacturacomercio` VALUES(1,1,4,2,219000.0,438000.0,'Cancelado','Pendiente','Pendiente');
INSERT INTO `detallefacturacomercio` VALUES(2,1,2,1,89000.0,89000.0,'Cancelado','Pendiente','Pendiente');
INSERT INTO `detallefacturacomercio` VALUES(3,2,5,1,200000.0,200000.0,'Cancelado','Pendiente','Pendiente');
INSERT INTO `detallefacturacomercio` VALUES(4,3,3,1,156000.0,156000.0,'Pendiente','Pendiente','Pendiente');
INSERT INTO `detallefacturacomercio` VALUES(5,4,5,1,200000.0,200000.0,'Pendiente','Pendiente','Pendiente');
INSERT INTO `detallefacturacomercio` VALUES(6,5,3,1,156000.0,156000.0,'Finalizado','Pendiente','Pendiente');
INSERT INTO `detallefacturacomercio` VALUES(7,6,2,1,89000.0,89000.0,'Cancelado','Pendiente','Pendiente');
INSERT INTO `detallefacturacomercio` VALUES(8,7,3,1,156000.0,156000.0,'Cancelado','Pendiente','Pendiente');
INSERT INTO `detallefacturacomercio` VALUES(9,8,5,1,200000.0,200000.0,'Cancelado','Pendiente','Pendiente');
INSERT INTO `detallefacturacomercio` VALUES(10,9,2,1,89000.0,89000.0,'Pendiente','Pendiente','Pendiente');
INSERT INTO `detallefacturacomercio` VALUES(11,10,3,1,156000.0,156000.0,'Pendiente','Pendiente','Pendiente');
INSERT INTO `detallefacturacomercio` VALUES(12,11,3,1,156000.0,156000.0,'Pendiente','Pendiente','Pendiente');
INSERT INTO `detallefacturacomercio` VALUES(13,12,4,1,219000.0,219000.0,'Pendiente','Pendiente','Pendiente');
INSERT INTO `controlagendacomercio` VALUES(6,234567890,6,2,'Domicilio',NULL,NULL,NULL);
INSERT INTO `controlagendacomercio` VALUES(12,234567890,12,1,'Visita al taller','2025-11-13','19:45','yaaaaa');
INSERT INTO `controlagendacomercio` VALUES(13,234567890,13,2,'Domicilio','2025-11-14','15:00',NULL);
INSERT INTO `centroayuda` VALUES(1,1001092582,'Sugerencia','Usuario Natural','malo servicio ','malooooo','2025-11-12 06:00:13');
INSERT INTO `centroayuda` VALUES(2,1019138679,'Reclamo','Comerciante','MALA PLATAFORMA','MALA ','2025-11-12 06:00:13');
INSERT INTO `centroayuda` VALUES(3,52343847,'Sugerencia','PrestadorServicio','GSTD','BSFBGF','2025-11-12 06:00:13');
INSERT INTO `opiniones` VALUES(1,1001092582,4,'David','buen servicio',5,'CURRENT_TEXTSTAMP');
INSERT INTO `opiniones` VALUES(2,1001092582,4,'David','mal servicio',1,'CURRENT_TEXTSTAMP');
INSERT INTO OpinionesGrua VALUES(1,1001092582,3,'David','malo',5,'2025-11-11 07:05:04');
INSERT INTO OpinionesGrua VALUES(2,1001092582,3,'David','muy bueno',1,'2025-11-11 07:05:04');
